CREATE DATABASE  IF NOT EXISTS `banking` /*!40100 DEFAULT CHARACTER SET utf8mb4 COLLATE utf8mb4_0900_ai_ci */ /*!80016 DEFAULT ENCRYPTION='N' */;
USE `banking`;
-- MySQL dump 10.13  Distrib 8.0.30, for Linux (x86_64)
--
-- Host: localhost    Database: banking
-- ------------------------------------------------------
-- Server version	8.0.30-0ubuntu0.20.04.2

/*!40101 SET @OLD_CHARACTER_SET_CLIENT=@@CHARACTER_SET_CLIENT */;
/*!40101 SET @OLD_CHARACTER_SET_RESULTS=@@CHARACTER_SET_RESULTS */;
/*!40101 SET @OLD_COLLATION_CONNECTION=@@COLLATION_CONNECTION */;
/*!50503 SET NAMES utf8 */;
/*!40103 SET @OLD_TIME_ZONE=@@TIME_ZONE */;
/*!40103 SET TIME_ZONE='+00:00' */;
/*!40014 SET @OLD_UNIQUE_CHECKS=@@UNIQUE_CHECKS, UNIQUE_CHECKS=0 */;
/*!40014 SET @OLD_FOREIGN_KEY_CHECKS=@@FOREIGN_KEY_CHECKS, FOREIGN_KEY_CHECKS=0 */;
/*!40101 SET @OLD_SQL_MODE=@@SQL_MODE, SQL_MODE='NO_AUTO_VALUE_ON_ZERO' */;
/*!40111 SET @OLD_SQL_NOTES=@@SQL_NOTES, SQL_NOTES=0 */;

--
-- Table structure for table `beneficiaries`
--

DROP TABLE IF EXISTS `beneficiaries`;
/*!40101 SET @saved_cs_client     = @@character_set_client */;
/*!50503 SET character_set_client = utf8mb4 */;
CREATE TABLE `beneficiaries` (
  `user_id` varchar(20) DEFAULT NULL,
  `accno` varchar(20) DEFAULT NULL,
  `ben_accno` varchar(20) DEFAULT NULL,
  `ben_name` varchar(50) DEFAULT NULL
) ENGINE=InnoDB DEFAULT CHARSET=utf8mb4 COLLATE=utf8mb4_0900_ai_ci;
/*!40101 SET character_set_client = @saved_cs_client */;

--
-- Dumping data for table `beneficiaries`
--

LOCK TABLES `beneficiaries` WRITE;
/*!40000 ALTER TABLE `beneficiaries` DISABLE KEYS */;
INSERT INTO `beneficiaries` VALUES ('sanjay230','251510179111','251510565495','Yogendra'),('sanjay230','251510179111','251510975076','Raghavendra'),('sanjay230','251510179111','251510185123','Aravind Kumar'),('reddy.Supriya230','251510937680','251510179111','Sanjay Kumar'),('reddy.Supriya230','251510937680','251510195723','Kavya Mittal'),('sharathc.080','251510114335','251510179111','Sanjay Kumar'),('sharathc.080','251510114335','251510565495','Sharath');
/*!40000 ALTER TABLE `beneficiaries` ENABLE KEYS */;
UNLOCK TABLES;

--
-- Table structure for table `credit_cards`
--

DROP TABLE IF EXISTS `credit_cards`;
/*!40101 SET @saved_cs_client     = @@character_set_client */;
/*!50503 SET character_set_client = utf8mb4 */;
CREATE TABLE `credit_cards` (
  `id` varchar(20) DEFAULT NULL,
  `credit_card` varchar(25) DEFAULT NULL,
  `cpin` varchar(4) DEFAULT NULL,
  `crcvv` varchar(3) DEFAULT NULL
) ENGINE=InnoDB DEFAULT CHARSET=utf8mb4 COLLATE=utf8mb4_0900_ai_ci;
/*!40101 SET character_set_client = @saved_cs_client */;

--
-- Dumping data for table `credit_cards`
--

LOCK TABLES `credit_cards` WRITE;
/*!40000 ALTER TABLE `credit_cards` DISABLE KEYS */;
INSERT INTO `credit_cards` VALUES ('251510179111','6518 2857 3645 5960','6544','569'),('251510565495','6518 5469 5657 9891','9994','523'),('251510185123','6518 5266 7546 4782','8524','736'),('251510760447','6518 8575 1791 5389','3906','765'),('251510975076','6518 5213 8166 3567','1616','387'),('251510380708','6518 2908 9229 7661','1413','640'),('251510106030','6518 3653 3867 8501','7050','261'),('251510950248','6518 3942 6209 4079','7581','647'),('251510215260','6518 4070 9093 5046','9382','718'),('251510148598','6518 3096 5925 9566','7750','443'),('251510195723','6518 4266 5471 6582','7278','677'),('251510937680','6518 2783 3670 5929','2494','433'),('251510114335','6518 8284 1712 2797','8292','962'),('14','6518 3468 4544 5656','2409','268'),('15','6518 5314 1741 7755','3925','839'),('16','6518 3724 9873 2489','6182','882'),('17','6518 8484 6333 3369','3403','610'),('18','6518 4289 4344 4633','4736','888'),('19','6518 1817 5271 5114','7010','167'),('20','6518 1721 3925 2312','5059','658'),('21','6518 4150 6626 2429','7131','602'),('22','6518 4582 4193 1297','5755','461'),('23','6518 9107 7359 5571','4557','141'),('24','6518 5598 9788 8691','7019','728'),('25','6518 4622 8256 8482','5738','583'),('26','6518 6338 8444 8189','9192','669'),('27','6518 6978 6142 2320','5011','793'),('28','6518 6379 5570 2705','5364','554'),('29','6518 7392 5318 6285','7416','401'),('30','6518 8488 7917 9807','5098','945'),('31','6518 1361 1265 4068','9072','675'),('32','6518 2658 2684 1338','6257','751'),('33','6518 6267 4181 4297','9584','960'),('34','6518 9104 7544 9579','5220','290'),('35','6518 6966 6048 9843','7565','733'),('36','6518 7373 5803 9788','9266','285'),('37','6518 8487 2261 2182','9866','465'),('38','6518 7961 9775 8346','7675','753'),('39','6518 6881 2245 1127','1469','783'),('40','6518 4098 9390 9066','3552','427'),('41','6518 4892 6313 8626','6185','401'),('42','6518 1235 7842 9461','7794','114'),('43','6518 5217 1023 9982','4212','662'),('44','6518 9960 7425 8617','4561','369'),('45','6518 9665 8621 2294','3497','667'),('46','6518 2265 3427 6455','4299','701'),('47','6518 6034 1886 7389','1735','817'),('48','6518 9908 6840 9918','7389','910'),('49','6518 8568 9760 1334','4854','115'),('50','6518 8258 7769 2573','8746','300'),('251510179111','6518 4953 2255 9974','8290','871'),('251510565495','6518 3199 1150 2384','2729','997'),('53','6518 3250 8870 7229','9227','446'),('54','6518 6223 7339 8919','3849','134'),('55','6518 2760 5036 8945','8285','957'),('56','6518 1694 1152 5343','4962','825'),('57','6518 1571 2857 9568','8315','315'),('58','6518 5549 9808 8897','1986','771'),('59','6518 5867 6462 3732','7869','940'),('60','6518 2755 8875 7617','6594','829'),('61','6518 9533 4162 7658','6104','204'),('62','6518 4429 1260 4219','6298','829'),('251510114335','6518 4620 8005 4205','1329','957'),('64','6518 3895 2815 7985','8919','774'),('65','6518 9186 6706 4600','9945','343'),('66','6518 4292 8942 5045','8809','274'),('67','6518 6443 5380 3062','8037','783'),('68','6518 6881 3621 4942','2379','530'),('69','6518 4711 1851 3610','1113','838'),('70','6518 2769 6770 6333','4804','150'),('71','6518 2940 6685 7312','9610','649'),('72','6518 6903 7511 2525','8243','205'),('73','6518 7398 9558 6029','7987','606'),('74','6518 7242 9132 1809','6749','299'),('75','6518 1315 7165 3738','7388','828'),('76','6518 5130 6695 8814','3889','829'),('77','6518 5969 7258 7479','5306','481'),('78','6518 2245 8741 8514','7131','783'),('79','6518 8487 7049 7867','2575','626'),('80','6518 4715 1467 7341','7730','819'),('81','6518 8462 6806 2329','2198','618'),('82','6518 3447 3240 3097','8755','246'),('83','6518 7943 6711 4767','7942','826'),('84','6518 5128 7988 9266','7449','686'),('85','6518 6358 7747 7228','9923','609'),('86','6518 2077 4749 3409','6986','317'),('87','6518 2360 3593 4642','1995','941'),('88','6518 4771 6791 2404','2228','284'),('89','6518 4820 9029 7788','3456','952'),('90','6518 3835 6600 3441','8054','409'),('91','6518 3372 4370 8912','5614','754'),('92','6518 1952 9418 3803','7723','710'),('93','6518 4822 3065 7742','5275','425'),('94','6518 9145 3056 6088','7094','155'),('95','6518 3225 7954 4094','6723','455'),('96','6518 5719 5892 5494','9219','545'),('97','6518 9639 6931 9656','6528','845'),('98','6518 3256 2760 3489','6409','923'),('99','6518 4934 8153 3207','2780','288'),('100','6518 8656 7935 4538','5666','464');
/*!40000 ALTER TABLE `credit_cards` ENABLE KEYS */;
UNLOCK TABLES;

--
-- Table structure for table `debit_cards`
--

DROP TABLE IF EXISTS `debit_cards`;
/*!40101 SET @saved_cs_client     = @@character_set_client */;
/*!50503 SET character_set_client = utf8mb4 */;
CREATE TABLE `debit_cards` (
  `id` varchar(20) DEFAULT NULL,
  `debit_card` varchar(25) DEFAULT NULL,
  `dpin` varchar(4) DEFAULT NULL,
  `dbcvv` varchar(3) DEFAULT NULL
) ENGINE=InnoDB DEFAULT CHARSET=utf8mb4 COLLATE=utf8mb4_0900_ai_ci;
/*!40101 SET character_set_client = @saved_cs_client */;

--
-- Dumping data for table `debit_cards`
--

LOCK TABLES `debit_cards` WRITE;
/*!40000 ALTER TABLE `debit_cards` DISABLE KEYS */;
INSERT INTO `debit_cards` VALUES ('251510179111','4582 8052 6999 5759','5566','352'),('251510565495','4582 8023 9283 7568','6477','901'),('251510185123','4582 1057 9383 1393','2007','912'),('251510760447','4582 4475 8575 3885','5199','104'),('251510975076','4582 4421 4798 5944','3340','599'),('251510380708','4582 2110 1247 5189','6409','388'),('251510106030','4582 4632 8501 3992','2049','502'),('251510950248','4582 4947 9765 8687','4637','333'),('251510215260','4582 8173 3176 5683','7303','884'),('251510148598','4582 6520 8503 4663','3223','915'),('251510195723','4582 2288 2969 7333','6191','561'),('251510937680','4582 5874 6003 6524','7078','997'),('251510114335','4582 5524 2899 7734','4554','198'),('14','4582 9341 7462 2612','3548','680'),('15','4582 4099 4861 4398','4523','767'),('16','4582 6393 1462 8413','9934','928'),('17','4582 1280 9267 9569','5982','137'),('18','4582 3781 4798 4925','8014','586'),('19','4582 4029 8380 8767','8167','425'),('20','4582 5288 9391 3924','8613','152'),('21','4582 5880 3720 3894','6256','663'),('22','4582 2107 5303 3791','9986','809'),('23','4582 5447 9280 3582','9556','845'),('24','4582 9596 3356 1620','5125','402'),('25','4582 2567 2736 4657','7557','871'),('26','4582 4322 3869 1035','4714','564'),('27','4582 9637 3172 3869','7894','754'),('28','4582 4972 9424 4000','8094','276'),('29','4582 2910 4999 5965','6721','718'),('30','4582 7278 7276 9992','3764','698'),('31','4582 2989 9182 6585','9652','621'),('32','4582 6130 5310 4305','5837','154'),('33','4582 6414 9793 8809','3699','541'),('34','4582 9302 4758 9155','9454','978'),('35','4582 3537 6198 5233','4986','768'),('36','4582 7626 8184 4755','8034','835'),('37','4582 2594 3621 7128','9752','533'),('38','4582 8656 3609 6320','4491','157'),('39','4582 5733 6678 8577','7477','741'),('40','4582 6040 4464 7769','8976','334'),('41','4582 6045 4097 8009','3162','635'),('42','4582 4970 6449 8672','9064','292'),('43','4582 1263 9713 4416','5377','845'),('44','4582 4749 9122 3517','7054','600'),('45','4582 8678 9579 2369','1378','746'),('46','4582 2256 9728 5633','2651','151'),('47','4582 6304 5120 7643','2002','175'),('48','4582 5245 9540 2159','7640','530'),('49','4582 4625 2421 8057','5546','911'),('50','4582 4109 3305 8228','9667','791'),('251510179111','4582 3876 3386 1770','9780','399'),('52','4582 9543 7602 4056','5072','175'),('53','4582 4746 2311 3535','9190','907'),('54','4582 6174 1409 5117','6501','180'),('55','4582 1976 3713 7117','2005','710'),('56','4582 7709 5842 9825','3488','903'),('57','4582 2661 9329 7622','9271','945'),('58','4582 7773 1719 3126','9421','207'),('59','4582 6419 3068 8922','9923','203'),('60','4582 8702 1720 4352','3117','573'),('61','4582 7887 3332 4497','7485','176'),('62','4582 2024 9538 5309','4247','500'),('63','4582 8562 9389 7857','8634','808'),('64','4582 9325 4697 6172','9724','210'),('65','4582 9013 8251 1336','5679','419'),('66','4582 7368 7011 2244','6979','188'),('67','4582 1471 4813 3700','3952','228'),('68','4582 3170 7217 2157','7428','777'),('69','4582 3754 1879 8891','9734','722'),('70','4582 6858 7223 3665','9232','551'),('71','4582 9578 6634 1019','1311','984'),('72','4582 4289 9162 2143','9031','781'),('73','4582 7248 8698 5225','9029','717'),('74','4582 4252 7851 4418','3280','701'),('75','4582 5409 3107 8499','1374','900'),('76','4582 8765 2822 9819','6498','271'),('77','4582 4629 9791 2537','5868','446'),('78','4582 2346 1614 8697','9158','207'),('79','4582 4670 1508 9124','7034','854'),('80','4582 6889 9068 4437','3404','296'),('81','4582 4673 1676 6935','1672','244'),('82','4582 3345 7038 8690','4523','264'),('83','4582 5727 3437 1125','6460','442'),('84','4582 8914 6953 3914','9108','290'),('85','4582 5958 9390 3804','9043','791'),('86','4582 8230 3204 8272','3459','335'),('87','4582 5692 8313 5125','8352','411'),('88','4582 9753 9670 1187','1975','173'),('89','4582 5216 5768 5541','8669','542'),('90','4582 3629 9538 2341','9488','599'),('91','4582 1205 9707 5748','1909','787'),('92','4582 5038 5894 4034','9305','214'),('93','4582 6294 5744 2858','5453','373'),('94','4582 9225 2471 6473','8198','990'),('95','4582 9190 3212 2898','4578','467'),('96','4582 8272 8135 8945','6921','227'),('97','4582 8637 2654 5708','8643','969'),('98','4582 9010 1295 5913','6302','849'),('99','4582 7145 1970 6025','5989','574'),('100','4582 7775 8157 4490','8776','923');
/*!40000 ALTER TABLE `debit_cards` ENABLE KEYS */;
UNLOCK TABLES;

--
-- Table structure for table `login`
--

DROP TABLE IF EXISTS `login`;
/*!40101 SET @saved_cs_client     = @@character_set_client */;
/*!50503 SET character_set_client = utf8mb4 */;
CREATE TABLE `login` (
  `accno` varchar(20) DEFAULT NULL,
  `user_id` varchar(20) NOT NULL,
  `password` varchar(20) DEFAULT NULL,
  PRIMARY KEY (`user_id`)
) ENGINE=InnoDB DEFAULT CHARSET=utf8mb4 COLLATE=utf8mb4_0900_ai_ci;
/*!40101 SET character_set_client = @saved_cs_client */;

--
-- Dumping data for table `login`
--

LOCK TABLES `login` WRITE;
/*!40000 ALTER TABLE `login` DISABLE KEYS */;
INSERT INTO `login` VALUES ('251510950248','anshika.goyal747','anshikag@900'),('251510185123','aravind007','aravind@2001'),('251510148598','aryansh_thedude1','ateja@000.1'),('251510760447','atul.mandia123','Atul@2000.12'),('251510215260','ikramuddin_ahmed234','iahmed.1999'),('251510195723','Kavya.Mittal_2000','kmittal455'),('251510106030','pranjul.6322','singh.pranjul@ubr'),('251510975076','raghu456','Raghav_7723.4'),('251510937680','reddy.Supriya230','supriya@2002'),('251510179111','sanjay230','2000.sanjay@12'),('251510114335','sharathc.080','Chandra@2000'),('251510380708','vivek_0447','reddy.Vivek32'),('251510565495','yogi12','yogendra.parsoya12');
/*!40000 ALTER TABLE `login` ENABLE KEYS */;
UNLOCK TABLES;

--
-- Table structure for table `registration`
--

DROP TABLE IF EXISTS `registration`;
/*!40101 SET @saved_cs_client     = @@character_set_client */;
/*!50503 SET character_set_client = utf8mb4 */;
CREATE TABLE `registration` (
  `id` int NOT NULL AUTO_INCREMENT,
  `user_name` varchar(50) DEFAULT NULL,
  `address` varchar(250) DEFAULT NULL,
  `aadhar` varchar(20) DEFAULT NULL,
  `mobile` varchar(15) DEFAULT NULL,
  `accno` varchar(20) DEFAULT NULL,
  `balance` varchar(20) DEFAULT NULL,
  PRIMARY KEY (`id`)
) ENGINE=InnoDB AUTO_INCREMENT=14 DEFAULT CHARSET=utf8mb4 COLLATE=utf8mb4_0900_ai_ci;
/*!40101 SET character_set_client = @saved_cs_client */;

--
-- Dumping data for table `registration`
--

LOCK TABLES `registration` WRITE;
/*!40000 ALTER TABLE `registration` DISABLE KEYS */;
INSERT INTO `registration` VALUES (1,'Sanjay Kumar','Suryapet, Telangana','456289657754','7890123456','251510179111','24000'),(2,'Yogendra','Ajmer','654378052243','7456789012','251510565495','32000'),(3,'Aravind Kumar','Secundrabad','456712388907','8901234567','251510185123','100000'),(4,'Atul Mandia','Kota, Rajastan','534634557865','8563390231','251510760447','85000'),(5,'Raghavendra','Raichur, Karnataka','278367846643','9826789233','251510975076','51000'),(6,'Vivek Reddy','Nizampet, Hyderabad','567834229089','8906672689','251510380708','100000'),(7,'Pranjul Singh','Pasta Street, Bangalore','234712345678','6509448345','251510106030','50000'),(8,'Anshika','Bangalore','453753889078','7846588393','251510950248','50000'),(9,'Ikram Ahmed','Lakdikapool, Hyderabad','234578904567','8773589546','251510215260','50000'),(10,'Aryansh Teja','Hyd','768656958889','9826289340','251510148598','50000'),(11,'Kavya Mittal','Surat, Gujarat.','678934225644','6554823411','251510195723','50000'),(12,'Supriya Reddy','H.no: 1-89/A , Uppal, Hyd.','589396007043','6540032488','251510937680','9500'),(13,'Sharath Chandra','Vijayawada','523811618772','8922045365','251510114335','7000');
/*!40000 ALTER TABLE `registration` ENABLE KEYS */;
UNLOCK TABLES;

--
-- Table structure for table `transactions`
--

DROP TABLE IF EXISTS `transactions`;
/*!40101 SET @saved_cs_client     = @@character_set_client */;
/*!50503 SET character_set_client = utf8mb4 */;
CREATE TABLE `transactions` (
  `transaction_id` int NOT NULL AUTO_INCREMENT,
  `from_acc` varchar(20) DEFAULT NULL,
  `to_acc` varchar(20) DEFAULT NULL,
  `amount` int DEFAULT NULL,
  `transaction_timestamp` datetime DEFAULT NULL,
  PRIMARY KEY (`transaction_id`)
) ENGINE=InnoDB AUTO_INCREMENT=1009 DEFAULT CHARSET=utf8mb4 COLLATE=utf8mb4_0900_ai_ci;
/*!40101 SET character_set_client = @saved_cs_client */;

--
-- Dumping data for table `transactions`
--

LOCK TABLES `transactions` WRITE;
/*!40000 ALTER TABLE `transactions` DISABLE KEYS */;
INSERT INTO `transactions` VALUES (1001,'251510179111','251510565495',0,'2022-10-09 01:07:27'),(1002,'251510565495','251510179111',0,'2022-10-09 01:09:05'),(1003,'251510179111','251510565495',1000,'2022-10-09 01:54:57'),(1004,'251510179111','251510565495',6000,'2022-10-10 11:45:25'),(1005,'251510179111','251510565495',25000,'2022-10-11 12:19:50'),(1006,'251510937680','251510179111',500,'2022-10-12 00:14:09'),(1007,'251510179111','251510975076',5000,'2022-10-12 00:28:40'),(1008,'251510114335','251510179111',3000,'2022-10-13 13:08:39');
/*!40000 ALTER TABLE `transactions` ENABLE KEYS */;
UNLOCK TABLES;
/*!40103 SET TIME_ZONE=@OLD_TIME_ZONE */;

/*!40101 SET SQL_MODE=@OLD_SQL_MODE */;
/*!40014 SET FOREIGN_KEY_CHECKS=@OLD_FOREIGN_KEY_CHECKS */;
/*!40014 SET UNIQUE_CHECKS=@OLD_UNIQUE_CHECKS */;
/*!40101 SET CHARACTER_SET_CLIENT=@OLD_CHARACTER_SET_CLIENT */;
/*!40101 SET CHARACTER_SET_RESULTS=@OLD_CHARACTER_SET_RESULTS */;
/*!40101 SET COLLATION_CONNECTION=@OLD_COLLATION_CONNECTION */;
/*!40111 SET SQL_NOTES=@OLD_SQL_NOTES */;

-- Dump completed on 2022-10-13 15:27:54
